menu_id,file_id
MENU0000000178,SRC_002207
MENU0000000003,SRC_001875
MENU0000000200,SRC_001798
MENU0000000048,SRC_001617
MENU0000000053,SRC_001608
MENU0000000055,SRC_001596
MENU0000000056,SRC_001580
MENU0000000067,SRC_001635
MENU0000000073,SRC_001610
MENU0000000228,SRC_001851
MENU0000000241,SRC_001688
MENU0000000229,SRC_001845
MENU0000000231,SRC_001847
MENU0000000085,SRC_001580
MENU0000000086,SRC_001704
MENU0000000089,SRC_001716
MENU0000000077,SRC_001647
MENU0000000082,SRC_001580
MENU0000000092,SRC_001716
MENU0000000094,SRC_001727
MENU0000000096,SRC_001784
MENU0000000225,SRC_001709
MENU0000000098,SRC_001764
MENU0000000083,SRC_001687
MENU0000000108,SRC_001817
MENU0000000114,SRC_001825
MENU0000000115,SRC_001830
MENU0000000117,SRC_001835
MENU0000000119,SRC_001835
MENU0000000120,SRC_001835
MENU0000000126,SRC_001854
MENU0000000204,SRC_001927
MENU0000000111,SRC_001806
MENU0000000076,SRC_001580
MENU0000000218,SRC_002196
MENU0000000148,SRC_001999
MENU0000000156,SRC_002087
MENU0000000164,SRC_002143
MENU0000000131,SRC_001603
MENU0000000134,SRC_001870
MENU0000000167,SRC_002164
MENU0000000189,SRC_002114
MENU0000000277,SRC_001899
MENU0000000049,SRC_001614
MENU0000000205,SRC_001928
MENU0000000109,SRC_001819
MENU0000000068,SRC_001631
MENU0000000136,SRC_001890
MENU0000000127,SRC_001852
MENU0000000121,SRC_001835
MENU0000000118,SRC_001833
MENU0000000116,SRC_001832
MENU0000000087,SRC_001706
MENU0000000004,SRC_001874
MENU0000000090,SRC_001716
MENU0000000057,SRC_001579
MENU0000000054,SRC_001606
MENU0000000179,SRC_002197
MENU0000000149,SRC_001994
MENU0000000221,SRC_002176
MENU0000000093,SRC_001726
MENU0000000165,SRC_002137
MENU0000000227,SRC_002112
MENU0000000097,SRC_001783
MENU0000000135,SRC_001869
MENU0000000074,SRC_001612
MENU0000000243,SRC_001658
MENU0000000099,SRC_001744
MENU0000000242,SRC_001689
MENU0000000157,SRC_002090
MENU0000000132,SRC_001598
MENU0000000095,SRC_001763
MENU0000000209,SRC_001805
MENU0000000084,SRC_001679
MENU0000000260,SRC_001682
MENU0000000226,SRC_001709
MENU0000000251,SRC_001724
MENU0000000088,SRC_001705
MENU0000000091,SRC_001716
MENU0000000234,SRC_002004
MENU0000000100,SRC_001767
MENU0000000106,SRC_001791
MENU0000000110,SRC_001822
MENU0000000112,SRC_001823
MENU0000000128,SRC_001864
MENU0000000150,SRC_002000
MENU0000000158,SRC_002083
MENU0000000273,SRC_001637
MENU0000000166,SRC_002147
MENU0000000169,SRC_002170
MENU0000000180,SRC_002202
MENU0000000198,SRC_001871
MENU0000000005,SRC_001872
MENU0000000176,SRC_002179
MENU0000000137,SRC_001881
MENU0000000058,SRC_001581
MENU0000000248,SRC_001709
MENU0000000075,SRC_001627
MENU0000000222,SRC_001711
MENU0000000261,SRC_001686
MENU0000000223,SRC_001709
MENU0000000253,SRC_001725
MENU0000000151,SRC_001995
MENU0000000267,SRC_001816
MENU0000000249,SRC_001776
MENU0000000159,SRC_002109
MENU0000000259,SRC_001673
MENU0000000113,SRC_001824
MENU0000000265,SRC_001797
MENU0000000266,SRC_001720
MENU0000000129,SRC_001856
MENU0000000238,SRC_002119
MENU0000000139,SRC_001884
MENU0000000219,SRC_002185
MENU0000000140,SRC_001873
MENU0000000232,SRC_002142
MENU0000000233,SRC_001590
MENU0000000170,SRC_002169
MENU0000000071,SRC_001633
MENU0000000152,SRC_001996
MENU0000000254,SRC_002116
MENU0000000160,SRC_002031
MENU0000000171,SRC_002160
MENU0000000177,SRC_002186
MENU0000000252,SRC_001772
MENU0000000237,SRC_001582
MENU0000000138,SRC_001896
MENU0000000130,SRC_001862
MENU0000000262,SRC_001680
MENU0000000269,SRC_001722
MENU0000000268,SRC_001671
MENU0000000214,SRC_001866
MENU0000000172,SRC_002175
MENU0000000246,SRC_001862
MENU0000000274,SRC_001667
MENU0000000161,SRC_002032
MENU0000000244,SRC_001657
MENU0000000153,SRC_001998
MENU0000000264,SRC_001651
MENU0000000173,SRC_002154
MENU0000000154,SRC_001997
MENU0000000250,SRC_001653
MENU0000000162,SRC_002103
MENU0000000255,SRC_001630
MENU0000000065,SRC_001626
MENU0000000276,SRC_002151
MENU0000000155,SRC_002001
MENU0000000066,SRC_001589
MENU0000000163,SRC_002096
MENU0000000256,SRC_001651
MENU0000000174,SRC_002152
MENU0000000247,SRC_001623
MENU0000000183,SRC_002010
MENU0000000239,SRC_001993
MENU0000000257,SRC_001646
MENU0000000270,SRC_001629
MENU0000000184,SRC_002011
MENU0000000185,SRC_002012
MENU0000000224,SRC_002009
MENU0000000186,SRC_002072
MENU0000000187,SRC_002108
MENU0000000230,SRC_002029
MENU0000000245,SRC_002020
MENU0000000271,SRC_002017
MENU0000000190,SRC_002234
MENU0000000263,SRC_002129
MENU0000000272,SRC_002124
MENU0000000057,SRC_001639
MENU0000000057,SRC_001621
MENU0000000057,SRC_001661
MENU0000000057,SRC_001692
MENU0000000057,SRC_001638
MENU0000000057,SRC_001620
MENU0000000057,SRC_001659
MENU0000000057,SRC_001691
MENU0000000057,SRC_001969
MENU0000000056,SRC_001969
MENU0000000085,SRC_001969
MENU0000000082,SRC_001969
MENU0000000076,SRC_001969
MENU0000000056,SRC_001639
MENU0000000085,SRC_001639
MENU0000000082,SRC_001639
MENU0000000076,SRC_001639
MENU0000000056,SRC_001621
MENU0000000085,SRC_001621
MENU0000000082,SRC_001621
MENU0000000076,SRC_001621
MENU0000000056,SRC_001660
MENU0000000085,SRC_001660
MENU0000000082,SRC_001660
MENU0000000076,SRC_001660
MENU0000000056,SRC_001661
MENU0000000085,SRC_001661
MENU0000000082,SRC_001661
MENU0000000076,SRC_001661
MENU0000000056,SRC_001690
MENU0000000085,SRC_001690
MENU0000000082,SRC_001690
MENU0000000076,SRC_001690
MENU0000000056,SRC_001692
MENU0000000085,SRC_001692
MENU0000000082,SRC_001692
MENU0000000076,SRC_001692
MENU0000000058,SRC_001639
MENU0000000058,SRC_001621
MENU0000000058,SRC_001661
MENU0000000058,SRC_001692
MENU0000000058,SRC_001640
MENU0000000058,SRC_001622
MENU0000000058,SRC_001664
MENU0000000058,SRC_001694
MENU0000000058,SRC_001969
MENU0000000237,SRC_001583
MENU0000000066,SRC_001639
MENU0000000066,SRC_001621
MENU0000000066,SRC_001661
MENU0000000066,SRC_001692
MENU0000000066,SRC_001643
MENU0000000066,SRC_001628
MENU0000000066,SRC_001670
MENU0000000066,SRC_001697
MENU0000000066,SRC_001969
MENU0000000055,SRC_001597
MENU0000000132,SRC_001599
MENU0000000131,SRC_001602
MENU0000000054,SRC_001605
MENU0000000053,SRC_001607
MENU0000000073,SRC_001609
MENU0000000074,SRC_001611
MENU0000000049,SRC_001613
MENU0000000048,SRC_001616
MENU0000000048,SRC_001615
MENU0000000065,SRC_001969
MENU0000000065,SRC_001621
MENU0000000065,SRC_001625
MENU0000000065,SRC_001624
MENU0000000270,SRC_001983
MENU0000000270,SRC_001984
MENU0000000067,SRC_001634
MENU0000000273,SRC_001636
MENU0000000250,SRC_001652
MENU0000000244,SRC_001656
MENU0000000274,SRC_001666
MENU0000000268,SRC_001672
MENU0000000261,SRC_001685
MENU0000000241,SRC_001676
MENU0000000241,SRC_001689
MENU0000000242,SRC_001688
MENU0000000225,SRC_001710
MENU0000000226,SRC_001710
MENU0000000248,SRC_001710
MENU0000000223,SRC_001710
MENU0000000222,SRC_001710
MENU0000000089,SRC_001718
MENU0000000092,SRC_001718
MENU0000000090,SRC_001718
MENU0000000091,SRC_001718
MENU0000000089,SRC_001723
MENU0000000092,SRC_001723
MENU0000000090,SRC_001723
MENU0000000091,SRC_001723
MENU0000000099,SRC_001745
MENU0000000098,SRC_001765
MENU0000000100,SRC_001768
MENU0000000252,SRC_001770
MENU0000000252,SRC_001771
MENU0000000106,SRC_001792
MENU0000000200,SRC_001799
MENU0000000200,SRC_001796
MENU0000000200,SRC_001807
MENU0000000111,SRC_001807
MENU0000000114,SRC_001828
MENU0000000115,SRC_001831
MENU0000000118,SRC_001834
MENU0000000117,SRC_001836
MENU0000000119,SRC_001836
MENU0000000120,SRC_001836
MENU0000000121,SRC_001836
MENU0000000229,SRC_001844
MENU0000000229,SRC_001843
MENU0000000229,SRC_001842
MENU0000000229,SRC_001846
MENU0000000229,SRC_001849
MENU0000000228,SRC_001849
MENU0000000228,SRC_001848
MENU0000000127,SRC_001853
MENU0000000126,SRC_001954
MENU0000000129,SRC_001855
MENU0000000130,SRC_002111
MENU0000000246,SRC_002111
MENU0000000130,SRC_001863
MENU0000000246,SRC_001863
MENU0000000128,SRC_001865
MENU0000000134,SRC_001601
MENU0000000137,SRC_001882
MENU0000000137,SRC_001880
MENU0000000139,SRC_001829
MENU0000000136,SRC_001891
MENU0000000204,SRC_001932
MENU0000000205,SRC_001932
MENU0000000205,SRC_001920
MENU0000000239,SRC_001957
MENU0000000149,SRC_002217
MENU0000000234,SRC_002005
MENU0000000224,SRC_002008
MENU0000000183,SRC_002117
MENU0000000183,SRC_002122
MENU0000000183,SRC_002123
MENU0000000183,SRC_002016
MENU0000000183,SRC_002024
MENU0000000183,SRC_002025
MENU0000000184,SRC_002117
MENU0000000184,SRC_002122
MENU0000000184,SRC_002123
MENU0000000184,SRC_002016
MENU0000000184,SRC_002024
MENU0000000184,SRC_002025
MENU0000000271,SRC_002018
MENU0000000245,SRC_002021
MENU0000000245,SRC_002015
MENU0000000230,SRC_002028
MENU0000000230,SRC_002027
MENU0000000230,SRC_002026
MENU0000000230,SRC_002030
MENU0000000160,SRC_002032
MENU0000000160,SRC_002034
MENU0000000161,SRC_001758
MENU0000000161,SRC_002062
MENU0000000161,SRC_002033
MENU0000000161,SRC_002031
MENU0000000186,SRC_002071
MENU0000000186,SRC_002069
MENU0000000158,SRC_002073
MENU0000000156,SRC_002088
MENU0000000156,SRC_002095
MENU0000000156,SRC_002089
MENU0000000157,SRC_002091
MENU0000000157,SRC_002095
MENU0000000157,SRC_002092
MENU0000000163,SRC_002099
MENU0000000163,SRC_002098
MENU0000000162,SRC_002101
MENU0000000162,SRC_002099
MENU0000000187,SRC_002107
MENU0000000159,SRC_001955
MENU0000000159,SRC_002106
MENU0000000227,SRC_002111
MENU0000000189,SRC_002113
MENU0000000254,SRC_002115
MENU0000000272,SRC_002125
MENU0000000263,SRC_002127
MENU0000000263,SRC_002128
MENU0000000263,SRC_002120
MENU0000000263,SRC_002130
MENU0000000165,SRC_002138
MENU0000000165,SRC_002140
MENU0000000232,SRC_002141
MENU0000000164,SRC_002144
MENU0000000164,SRC_002146
MENU0000000166,SRC_002148
MENU0000000166,SRC_002150
MENU0000000174,SRC_001971
MENU0000000171,SRC_002158
MENU0000000171,SRC_002161
MENU0000000167,SRC_002111
MENU0000000167,SRC_002162
MENU0000000167,SRC_002165
MENU0000000167,SRC_002163
MENU0000000170,SRC_002166
MENU0000000170,SRC_002168
MENU0000000169,SRC_002171
MENU0000000172,SRC_002172
MENU0000000172,SRC_002174
MENU0000000221,SRC_002177
MENU0000000221,SRC_002178
MENU0000000176,SRC_002178
MENU0000000177,SRC_002183
MENU0000000177,SRC_002180
MENU0000000177,SRC_002184
MENU0000000218,SRC_002194
MENU0000000218,SRC_002190
MENU0000000218,SRC_002195
MENU0000000218,SRC_002191
MENU0000000179,SRC_002198
MENU0000000179,SRC_002199
MENU0000000179,SRC_002200
MENU0000000179,SRC_002201
MENU0000000190,SRC_002233
MENU0000000237,SRC_000897
MENU0000000273,SRC_000897
MENU0000000274,SRC_000897
MENU0000000233,SRC_000898
MENU0000000055,SRC_000905
MENU0000000055,SRC_000906
MENU0000000132,SRC_000907
MENU0000000132,SRC_000908
MENU0000000134,SRC_000910
MENU0000000131,SRC_000910
MENU0000000131,SRC_000911
MENU0000000054,SRC_000912
MENU0000000053,SRC_000913
MENU0000000053,SRC_000914
MENU0000000073,SRC_000915
MENU0000000073,SRC_000916
MENU0000000074,SRC_000917
MENU0000000074,SRC_000918
MENU0000000049,SRC_000919
MENU0000000049,SRC_000920
MENU0000000048,SRC_000921
MENU0000000048,SRC_000922
MENU0000000222,SRC_000926
MENU0000000225,SRC_000926
MENU0000000226,SRC_000926
MENU0000000248,SRC_000926
MENU0000000223,SRC_000926
MENU0000000057,SRC_000927
MENU0000000056,SRC_000928
MENU0000000085,SRC_000928
MENU0000000082,SRC_000928
MENU0000000076,SRC_000928
MENU0000000058,SRC_000929
MENU0000000066,SRC_000935
MENU0000000126,SRC_000937
MENU0000000057,SRC_000938
MENU0000000056,SRC_000938
MENU0000000085,SRC_000938
MENU0000000082,SRC_000938
MENU0000000076,SRC_000938
MENU0000000058,SRC_000938
MENU0000000066,SRC_000938
MENU0000000065,SRC_000938
MENU0000000057,SRC_000941
MENU0000000056,SRC_000941
MENU0000000085,SRC_000941
MENU0000000082,SRC_000941
MENU0000000076,SRC_000941
MENU0000000058,SRC_000941
MENU0000000066,SRC_000941
MENU0000000065,SRC_000941
MENU0000000089,SRC_000941
MENU0000000092,SRC_000941
MENU0000000090,SRC_000941
MENU0000000091,SRC_000941
MENU0000000273,SRC_000963
MENU0000000057,SRC_000964
MENU0000000058,SRC_000966
MENU0000000066,SRC_000970
MENU0000000257,SRC_000973
MENU0000000264,SRC_000974
MENU0000000256,SRC_000974
MENU0000000250,SRC_000975
MENU0000000245,SRC_000975
MENU0000000077,SRC_000977
MENU0000000243,SRC_000980
MENU0000000244,SRC_000980
MENU0000000057,SRC_000981
MENU0000000057,SRC_000982
MENU0000000056,SRC_000982
MENU0000000085,SRC_000982
MENU0000000082,SRC_000982
MENU0000000076,SRC_000982
MENU0000000058,SRC_000982
MENU0000000066,SRC_000982
MENU0000000058,SRC_000984
MENU0000000086,SRC_000992
MENU0000000088,SRC_000993
MENU0000000228,SRC_000996
MENU0000000229,SRC_000996
MENU0000000231,SRC_000996
MENU0000000094,SRC_000997
MENU0000000252,SRC_000997
MENU0000000094,SRC_001000
MENU0000000099,SRC_001001
MENU0000000095,SRC_001002
MENU0000000098,SRC_001003
MENU0000000200,SRC_001003
MENU0000000100,SRC_001006
MENU0000000252,SRC_001008
MENU0000000249,SRC_001012
MENU0000000097,SRC_001016
MENU0000000096,SRC_001017
MENU0000000266,SRC_001019
MENU0000000265,SRC_001019
MENU0000000117,SRC_001020
MENU0000000119,SRC_001020
MENU0000000120,SRC_001020
MENU0000000121,SRC_001020
MENU0000000118,SRC_001020
MENU0000000106,SRC_001023
MENU0000000200,SRC_001023
MENU0000000109,SRC_001023
MENU0000000110,SRC_001023
MENU0000000108,SRC_001023
MENU0000000267,SRC_001023
MENU0000000200,SRC_001028
MENU0000000111,SRC_001029
MENU0000000200,SRC_001029
MENU0000000112,SRC_001029
MENU0000000113,SRC_001029
MENU0000000209,SRC_001029
MENU0000000089,SRC_001030
MENU0000000092,SRC_001030
MENU0000000090,SRC_001030
MENU0000000091,SRC_001030
MENU0000000089,SRC_001031
MENU0000000092,SRC_001031
MENU0000000090,SRC_001031
MENU0000000091,SRC_001031
MENU0000000269,SRC_001032
MENU0000000255,SRC_001033
MENU0000000093,SRC_001034
MENU0000000253,SRC_001034
MENU0000000251,SRC_001035
MENU0000000057,SRC_001036
MENU0000000057,SRC_001037
MENU0000000056,SRC_001037
MENU0000000085,SRC_001037
MENU0000000082,SRC_001037
MENU0000000076,SRC_001037
MENU0000000058,SRC_001037
MENU0000000066,SRC_001037
MENU0000000065,SRC_001037
MENU0000000058,SRC_001038
MENU0000000247,SRC_001039
MENU0000000269,SRC_001039
MENU0000000065,SRC_001040
MENU0000000065,SRC_001041
MENU0000000065,SRC_001042
MENU0000000075,SRC_001042
MENU0000000066,SRC_001044
MENU0000000270,SRC_001045
MENU0000000068,SRC_001046
MENU0000000067,SRC_001047
MENU0000000071,SRC_001048
MENU0000000067,SRC_001049
MENU0000000114,SRC_001050
MENU0000000115,SRC_001051
MENU0000000116,SRC_001051
MENU0000000127,SRC_001052
MENU0000000127,SRC_001053
MENU0000000126,SRC_001054
MENU0000000129,SRC_001055
MENU0000000130,SRC_001061
MENU0000000246,SRC_001061
MENU0000000128,SRC_001062
MENU0000000128,SRC_001063
MENU0000000214,SRC_001064
MENU0000000134,SRC_001067
MENU0000000135,SRC_001067
MENU0000000198,SRC_001067
MENU0000000131,SRC_001067
MENU0000000229,SRC_001067
MENU0000000140,SRC_001068
MENU0000000003,SRC_001068
MENU0000000004,SRC_001068
MENU0000000005,SRC_001068
MENU0000000137,SRC_001073
MENU0000000137,SRC_001074
MENU0000000139,SRC_001075
MENU0000000138,SRC_001079
MENU0000000136,SRC_001080
MENU0000000136,SRC_001081
MENU0000000277,SRC_001085
MENU0000000057,SRC_001086
MENU0000000056,SRC_001087
MENU0000000085,SRC_001087
MENU0000000082,SRC_001087
MENU0000000076,SRC_001087
MENU0000000057,SRC_001087
MENU0000000058,SRC_001087
MENU0000000066,SRC_001087
MENU0000000058,SRC_001089
MENU0000000274,SRC_001090
MENU0000000268,SRC_001093
MENU0000000259,SRC_001095
MENU0000000087,SRC_001096
MENU0000000084,SRC_001100
MENU0000000262,SRC_001101
MENU0000000260,SRC_001103
MENU0000000261,SRC_001106
MENU0000000261,SRC_001107
MENU0000000083,SRC_001108
MENU0000000241,SRC_001109
MENU0000000242,SRC_001109
MENU0000000057,SRC_001111
MENU0000000056,SRC_001111
MENU0000000085,SRC_001111
MENU0000000082,SRC_001111
MENU0000000076,SRC_001111
MENU0000000058,SRC_001111
MENU0000000066,SRC_001111
MENU0000000065,SRC_001111
MENU0000000179,SRC_001115
MENU0000000178,SRC_001115
MENU0000000149,SRC_001115
MENU0000000131,SRC_001117
MENU0000000190,SRC_001117
MENU0000000049,SRC_001120
MENU0000000048,SRC_001120
MENU0000000057,SRC_001120
MENU0000000056,SRC_001120
MENU0000000085,SRC_001120
MENU0000000082,SRC_001120
MENU0000000076,SRC_001120
MENU0000000058,SRC_001120
MENU0000000066,SRC_001120
MENU0000000065,SRC_001120
MENU0000000225,SRC_001120
MENU0000000226,SRC_001120
MENU0000000248,SRC_001120
MENU0000000223,SRC_001120
MENU0000000222,SRC_001120
MENU0000000252,SRC_001120
MENU0000000118,SRC_001120
MENU0000000117,SRC_001120
MENU0000000119,SRC_001120
MENU0000000120,SRC_001120
MENU0000000121,SRC_001120
MENU0000000228,SRC_001120
MENU0000000229,SRC_001120
MENU0000000277,SRC_001120
MENU0000000224,SRC_001120
MENU0000000183,SRC_001120
MENU0000000184,SRC_001120
MENU0000000230,SRC_001120
MENU0000000186,SRC_001120
MENU0000000164,SRC_001120
MENU0000000166,SRC_001120
MENU0000000171,SRC_001120
MENU0000000170,SRC_001120
MENU0000000172,SRC_001120
MENU0000000165,SRC_001127
MENU0000000232,SRC_001127
MENU0000000166,SRC_001128
MENU0000000164,SRC_001129
MENU0000000165,SRC_001129
MENU0000000234,SRC_001130
MENU0000000271,SRC_001130
MENU0000000272,SRC_001130
MENU0000000237,SRC_001130
MENU0000000273,SRC_001130
MENU0000000274,SRC_001130
MENU0000000224,SRC_001131
MENU0000000183,SRC_001132
MENU0000000184,SRC_001133
MENU0000000185,SRC_001133
MENU0000000057,SRC_001134
MENU0000000056,SRC_001134
MENU0000000085,SRC_001134
MENU0000000082,SRC_001134
MENU0000000076,SRC_001134
MENU0000000058,SRC_001134
MENU0000000066,SRC_001134
MENU0000000183,SRC_001134
MENU0000000184,SRC_001134
MENU0000000254,SRC_001137
MENU0000000183,SRC_001138
MENU0000000184,SRC_001138
MENU0000000238,SRC_001138
MENU0000000161,SRC_001138
MENU0000000159,SRC_001138
MENU0000000057,SRC_001138
MENU0000000056,SRC_001138
MENU0000000085,SRC_001138
MENU0000000082,SRC_001138
MENU0000000076,SRC_001138
MENU0000000058,SRC_001138
MENU0000000066,SRC_001138
MENU0000000187,SRC_001139
MENU0000000159,SRC_001139
MENU0000000238,SRC_001140
MENU0000000189,SRC_001141
MENU0000000227,SRC_001141
MENU0000000130,SRC_001141
MENU0000000246,SRC_001141
MENU0000000167,SRC_001141
MENU0000000183,SRC_001143
MENU0000000184,SRC_001143
MENU0000000160,SRC_001144
MENU0000000161,SRC_001144
MENU0000000161,SRC_001145
MENU0000000160,SRC_001146
MENU0000000161,SRC_001146
MENU0000000161,SRC_001147
MENU0000000160,SRC_001147
MENU0000000161,SRC_001148
MENU0000000161,SRC_001149
MENU0000000161,SRC_001151
MENU0000000232,SRC_001152
MENU0000000230,SRC_001152
MENU0000000229,SRC_001152
MENU0000000156,SRC_001153
MENU0000000157,SRC_001153
MENU0000000156,SRC_001154
MENU0000000157,SRC_001154
MENU0000000158,SRC_001155
MENU0000000156,SRC_001156
MENU0000000157,SRC_001156
MENU0000000162,SRC_001157
MENU0000000089,SRC_001157
MENU0000000092,SRC_001157
MENU0000000090,SRC_001157
MENU0000000091,SRC_001157
MENU0000000163,SRC_001157
MENU0000000106,SRC_001157
MENU0000000162,SRC_001158
MENU0000000163,SRC_001158
MENU0000000183,SRC_001159
MENU0000000184,SRC_001159
MENU0000000204,SRC_001160
MENU0000000205,SRC_001160
MENU0000000204,SRC_001161
MENU0000000205,SRC_001161
MENU0000000205,SRC_001162
MENU0000000204,SRC_001162
MENU0000000163,SRC_001164
MENU0000000162,SRC_001164
MENU0000000273,SRC_001166
MENU0000000271,SRC_001166
MENU0000000245,SRC_001167
MENU0000000244,SRC_001167
MENU0000000276,SRC_001168
MENU0000000170,SRC_001170
MENU0000000171,SRC_001171
MENU0000000169,SRC_001172
MENU0000000186,SRC_001172
MENU0000000167,SRC_001172
MENU0000000172,SRC_001173
MENU0000000190,SRC_001175
MENU0000000221,SRC_001176
MENU0000000176,SRC_001176
MENU0000000177,SRC_001177
MENU0000000219,SRC_001177
MENU0000000218,SRC_001179
MENU0000000272,SRC_001180
MENU0000000263,SRC_001181
MENU0000000261,SRC_001181
MENU0000000237,SRC_000252
MENU0000000273,SRC_000252
MENU0000000274,SRC_000252
MENU0000000233,SRC_000253
MENU0000000055,SRC_000261
MENU0000000055,SRC_000260
MENU0000000132,SRC_000263
MENU0000000132,SRC_000262
MENU0000000134,SRC_000265
MENU0000000131,SRC_000265
MENU0000000131,SRC_000266
MENU0000000054,SRC_000267
MENU0000000053,SRC_000268
MENU0000000053,SRC_000269
MENU0000000073,SRC_000270
MENU0000000073,SRC_000271
MENU0000000074,SRC_000272
MENU0000000074,SRC_000273
MENU0000000049,SRC_000274
MENU0000000049,SRC_000275
MENU0000000048,SRC_000276
MENU0000000048,SRC_000279
MENU0000000222,SRC_000284
MENU0000000225,SRC_000284
MENU0000000226,SRC_000284
MENU0000000248,SRC_000284
MENU0000000223,SRC_000284
MENU0000000057,SRC_000285
MENU0000000056,SRC_000286
MENU0000000085,SRC_000286
MENU0000000082,SRC_000286
MENU0000000076,SRC_000286
MENU0000000058,SRC_000287
MENU0000000066,SRC_000293
MENU0000000126,SRC_000295
MENU0000000057,SRC_000296
MENU0000000056,SRC_000296
MENU0000000085,SRC_000296
MENU0000000082,SRC_000296
MENU0000000076,SRC_000296
MENU0000000058,SRC_000296
MENU0000000066,SRC_000296
MENU0000000065,SRC_000296
MENU0000000057,SRC_000300
MENU0000000056,SRC_000300
MENU0000000085,SRC_000300
MENU0000000082,SRC_000300
MENU0000000076,SRC_000300
MENU0000000058,SRC_000300
MENU0000000066,SRC_000300
MENU0000000065,SRC_000300
MENU0000000089,SRC_000300
MENU0000000092,SRC_000300
MENU0000000090,SRC_000300
MENU0000000091,SRC_000300
MENU0000000273,SRC_000594
MENU0000000057,SRC_000376
MENU0000000058,SRC_000378
MENU0000000066,SRC_000382
MENU0000000257,SRC_000385
MENU0000000264,SRC_000386
MENU0000000256,SRC_000386
MENU0000000250,SRC_000387
MENU0000000245,SRC_000387
MENU0000000077,SRC_000389
MENU0000000243,SRC_000392
MENU0000000244,SRC_000392
MENU0000000057,SRC_000393
MENU0000000057,SRC_000394
MENU0000000056,SRC_000394
MENU0000000085,SRC_000394
MENU0000000082,SRC_000394
MENU0000000076,SRC_000394
MENU0000000058,SRC_000394
MENU0000000066,SRC_000394
MENU0000000058,SRC_000396
MENU0000000086,SRC_000404
MENU0000000088,SRC_000405
MENU0000000228,SRC_000408
MENU0000000229,SRC_000408
MENU0000000231,SRC_000408
MENU0000000094,SRC_000409
MENU0000000252,SRC_000409
MENU0000000094,SRC_000412
MENU0000000099,SRC_000413
MENU0000000095,SRC_000415
MENU0000000098,SRC_000417
MENU0000000200,SRC_000417
MENU0000000100,SRC_000420
MENU0000000252,SRC_000422
MENU0000000249,SRC_000426
MENU0000000097,SRC_000430
MENU0000000096,SRC_000431
MENU0000000266,SRC_000434
MENU0000000265,SRC_000434
MENU0000000117,SRC_000435
MENU0000000119,SRC_000435
MENU0000000120,SRC_000435
MENU0000000121,SRC_000435
MENU0000000118,SRC_000435
MENU0000000106,SRC_000438
MENU0000000200,SRC_000438
MENU0000000109,SRC_000438
MENU0000000110,SRC_000438
MENU0000000108,SRC_000438
MENU0000000267,SRC_000438
MENU0000000200,SRC_000443
MENU0000000111,SRC_000578
MENU0000000200,SRC_000578
MENU0000000112,SRC_000578
MENU0000000113,SRC_000578
MENU0000000209,SRC_000578
MENU0000000089,SRC_000446
MENU0000000092,SRC_000446
MENU0000000090,SRC_000446
MENU0000000091,SRC_000446
MENU0000000089,SRC_000447
MENU0000000092,SRC_000447
MENU0000000090,SRC_000447
MENU0000000091,SRC_000447
MENU0000000269,SRC_000448
MENU0000000255,SRC_000450
MENU0000000093,SRC_000451
MENU0000000253,SRC_000451
MENU0000000251,SRC_000452
MENU0000000057,SRC_000453
MENU0000000057,SRC_000454
MENU0000000056,SRC_000454
MENU0000000085,SRC_000454
MENU0000000082,SRC_000454
MENU0000000076,SRC_000454
MENU0000000058,SRC_000454
MENU0000000066,SRC_000454
MENU0000000065,SRC_000454
MENU0000000058,SRC_000455
MENU0000000247,SRC_000456
MENU0000000269,SRC_000456
MENU0000000065,SRC_000457
MENU0000000065,SRC_000458
MENU0000000065,SRC_000459
MENU0000000075,SRC_000459
MENU0000000066,SRC_000462
MENU0000000270,SRC_000463
MENU0000000068,SRC_000464
MENU0000000067,SRC_000465
MENU0000000071,SRC_000466
MENU0000000067,SRC_000467
MENU0000000114,SRC_000468
MENU0000000115,SRC_000469
MENU0000000116,SRC_000469
MENU0000000127,SRC_000470
MENU0000000127,SRC_000471
MENU0000000126,SRC_000472
MENU0000000129,SRC_000473
MENU0000000130,SRC_000479
MENU0000000246,SRC_000479
MENU0000000128,SRC_000480
MENU0000000128,SRC_000481
MENU0000000214,SRC_000482
MENU0000000134,SRC_000486
MENU0000000135,SRC_000486
MENU0000000198,SRC_000486
MENU0000000131,SRC_000486
MENU0000000229,SRC_000486
MENU0000000140,SRC_000487
MENU0000000003,SRC_000487
MENU0000000004,SRC_000487
MENU0000000005,SRC_000487
MENU0000000137,SRC_000492
MENU0000000137,SRC_000493
MENU0000000139,SRC_000494
MENU0000000138,SRC_000498
MENU0000000136,SRC_000499
MENU0000000136,SRC_000500
MENU0000000277,SRC_000504
MENU0000000057,SRC_000505
MENU0000000056,SRC_000506
MENU0000000085,SRC_000506
MENU0000000082,SRC_000506
MENU0000000076,SRC_000506
MENU0000000057,SRC_000506
MENU0000000058,SRC_000506
MENU0000000066,SRC_000506
MENU0000000058,SRC_000508
MENU0000000274,SRC_000611
MENU0000000268,SRC_000512
MENU0000000259,SRC_000514
MENU0000000087,SRC_000515
MENU0000000084,SRC_000519
MENU0000000262,SRC_000520
MENU0000000260,SRC_000522
MENU0000000261,SRC_000525
MENU0000000261,SRC_000526
MENU0000000083,SRC_000527
MENU0000000241,SRC_000528
MENU0000000242,SRC_000528
MENU0000000057,SRC_000530
MENU0000000056,SRC_000530
MENU0000000085,SRC_000530
MENU0000000082,SRC_000530
MENU0000000076,SRC_000530
MENU0000000058,SRC_000530
MENU0000000066,SRC_000530
MENU0000000065,SRC_000530
MENU0000000179,SRC_000536
MENU0000000178,SRC_000536
MENU0000000149,SRC_000536
MENU0000000131,SRC_000538
MENU0000000190,SRC_000538
MENU0000000165,SRC_000548
MENU0000000232,SRC_000548
MENU0000000166,SRC_000549
MENU0000000164,SRC_000550
MENU0000000165,SRC_000550
MENU0000000234,SRC_000551
MENU0000000271,SRC_000551
MENU0000000272,SRC_000551
MENU0000000237,SRC_000551
MENU0000000273,SRC_000551
MENU0000000274,SRC_000551
MENU0000000224,SRC_000552
MENU0000000183,SRC_000564
MENU0000000184,SRC_000565
MENU0000000185,SRC_000565
MENU0000000057,SRC_000566
MENU0000000056,SRC_000566
MENU0000000085,SRC_000566
MENU0000000082,SRC_000566
MENU0000000076,SRC_000566
MENU0000000058,SRC_000566
MENU0000000066,SRC_000566
MENU0000000183,SRC_000566
MENU0000000184,SRC_000566
MENU0000000254,SRC_000569
MENU0000000183,SRC_000570
MENU0000000184,SRC_000570
MENU0000000238,SRC_000570
MENU0000000161,SRC_000570
MENU0000000159,SRC_000570
MENU0000000057,SRC_000570
MENU0000000056,SRC_000570
MENU0000000085,SRC_000570
MENU0000000082,SRC_000570
MENU0000000076,SRC_000570
MENU0000000058,SRC_000570
MENU0000000066,SRC_000570
MENU0000000187,SRC_000571
MENU0000000159,SRC_000571
MENU0000000238,SRC_000572
MENU0000000189,SRC_000573
MENU0000000227,SRC_000573
MENU0000000130,SRC_000573
MENU0000000246,SRC_000573
MENU0000000167,SRC_000573
MENU0000000183,SRC_000553
MENU0000000184,SRC_000553
MENU0000000160,SRC_000554
MENU0000000161,SRC_000554
MENU0000000161,SRC_000555
MENU0000000160,SRC_000556
MENU0000000161,SRC_000556
MENU0000000161,SRC_000557
MENU0000000160,SRC_000557
MENU0000000161,SRC_000558
MENU0000000161,SRC_000559
MENU0000000161,SRC_000560
MENU0000000232,SRC_000529
MENU0000000230,SRC_000529
MENU0000000229,SRC_000529
MENU0000000156,SRC_000575
MENU0000000157,SRC_000575
MENU0000000156,SRC_000576
MENU0000000157,SRC_000576
MENU0000000158,SRC_000577
MENU0000000156,SRC_000578
MENU0000000157,SRC_000578
MENU0000000162,SRC_000581
MENU0000000089,SRC_000581
MENU0000000092,SRC_000581
MENU0000000090,SRC_000581
MENU0000000091,SRC_000581
MENU0000000163,SRC_000581
MENU0000000106,SRC_000581
MENU0000000162,SRC_000582
MENU0000000163,SRC_000582
MENU0000000183,SRC_000565
MENU0000000204,SRC_000584
MENU0000000205,SRC_000584
MENU0000000204,SRC_000282
MENU0000000205,SRC_000282
MENU0000000205,SRC_000585
MENU0000000204,SRC_000585
MENU0000000163,SRC_000587
MENU0000000162,SRC_000587
MENU0000000245,SRC_000595
MENU0000000244,SRC_000595
MENU0000000276,SRC_000596
MENU0000000170,SRC_000599
MENU0000000171,SRC_000601
MENU0000000169,SRC_000603
MENU0000000186,SRC_000603
MENU0000000167,SRC_000603
MENU0000000172,SRC_000604
MENU0000000190,SRC_000606
MENU0000000221,SRC_000607
MENU0000000176,SRC_000607
MENU0000000177,SRC_000608
MENU0000000219,SRC_000608
MENU0000000218,SRC_000610
MENU0000000272,SRC_000611
MENU0000000263,SRC_000612
MENU0000000261,SRC_000612
MENU0000000237,SRC_000001
MENU0000000273,SRC_000001
MENU0000000274,SRC_000001
MENU0000000233,SRC_000002
MENU0000000055,SRC_000010
MENU0000000055,SRC_000009
MENU0000000132,SRC_000171
MENU0000000132,SRC_000011
MENU0000000134,SRC_000012
MENU0000000131,SRC_000012
MENU0000000131,SRC_000171
MENU0000000054,SRC_000013
MENU0000000053,SRC_000169
MENU0000000053,SRC_000171
MENU0000000073,SRC_000014
MENU0000000073,SRC_000015
MENU0000000074,SRC_000016
MENU0000000074,SRC_000017
MENU0000000049,SRC_000169
MENU0000000049,SRC_000171
MENU0000000048,SRC_000018
MENU0000000048,SRC_000172
MENU0000000222,SRC_000021
MENU0000000225,SRC_000021
MENU0000000226,SRC_000021
MENU0000000248,SRC_000021
MENU0000000223,SRC_000021
MENU0000000057,SRC_000022
MENU0000000056,SRC_000023
MENU0000000085,SRC_000023
MENU0000000082,SRC_000023
MENU0000000076,SRC_000023
MENU0000000058,SRC_000024
MENU0000000066,SRC_000171
MENU0000000126,SRC_000030
MENU0000000057,SRC_000031
MENU0000000056,SRC_000031
MENU0000000085,SRC_000031
MENU0000000082,SRC_000031
MENU0000000076,SRC_000031
MENU0000000058,SRC_000031
MENU0000000066,SRC_000031
MENU0000000065,SRC_000031
MENU0000000273,SRC_000223
MENU0000000057,SRC_000169
MENU0000000058,SRC_000169
MENU0000000066,SRC_000169
MENU0000000257,SRC_000037
MENU0000000264,SRC_000038
MENU0000000256,SRC_000038
MENU0000000250,SRC_000039
MENU0000000245,SRC_000039
MENU0000000077,SRC_000041
MENU0000000243,SRC_000044
MENU0000000244,SRC_000044
MENU0000000057,SRC_000045
MENU0000000056,SRC_000045
MENU0000000085,SRC_000045
MENU0000000082,SRC_000045
MENU0000000076,SRC_000045
MENU0000000058,SRC_000045
MENU0000000066,SRC_000045
MENU0000000086,SRC_000053
MENU0000000088,SRC_000054
MENU0000000228,SRC_000057
MENU0000000229,SRC_000057
MENU0000000231,SRC_000057
MENU0000000094,SRC_000058
MENU0000000252,SRC_000058
MENU0000000094,SRC_000059
MENU0000000099,SRC_000060
MENU0000000095,SRC_000062
MENU0000000098,SRC_000064
MENU0000000200,SRC_000064
MENU0000000100,SRC_000067
MENU0000000252,SRC_000069
MENU0000000249,SRC_000073
MENU0000000097,SRC_000077
MENU0000000096,SRC_000078
MENU0000000266,SRC_000081
MENU0000000265,SRC_000081
MENU0000000117,SRC_000082
MENU0000000119,SRC_000082
MENU0000000120,SRC_000082
MENU0000000121,SRC_000082
MENU0000000118,SRC_000082
MENU0000000106,SRC_000085
MENU0000000200,SRC_000085
MENU0000000109,SRC_000085
MENU0000000110,SRC_000085
MENU0000000108,SRC_000085
MENU0000000267,SRC_000085
MENU0000000200,SRC_000090
MENU0000000111,SRC_000213
MENU0000000200,SRC_000213
MENU0000000112,SRC_000213
MENU0000000113,SRC_000213
MENU0000000209,SRC_000213
MENU0000000089,SRC_000093
MENU0000000092,SRC_000093
MENU0000000090,SRC_000093
MENU0000000091,SRC_000093
MENU0000000089,SRC_000094
MENU0000000092,SRC_000094
MENU0000000090,SRC_000094
MENU0000000091,SRC_000094
MENU0000000269,SRC_000095
MENU0000000255,SRC_000097
MENU0000000093,SRC_000098
MENU0000000253,SRC_000098
MENU0000000251,SRC_000099
MENU0000000057,SRC_000100
MENU0000000056,SRC_000100
MENU0000000085,SRC_000100
MENU0000000082,SRC_000100
MENU0000000076,SRC_000100
MENU0000000058,SRC_000100
MENU0000000066,SRC_000100
MENU0000000065,SRC_000100
MENU0000000247,SRC_000101
MENU0000000269,SRC_000101
MENU0000000065,SRC_000102
MENU0000000065,SRC_000103
MENU0000000065,SRC_000104
MENU0000000075,SRC_000104
MENU0000000270,SRC_000107
MENU0000000068,SRC_000108
MENU0000000067,SRC_000109
MENU0000000071,SRC_000110
MENU0000000067,SRC_000111
MENU0000000114,SRC_000112
MENU0000000115,SRC_000113
MENU0000000116,SRC_000113
MENU0000000127,SRC_000114
MENU0000000127,SRC_000115
MENU0000000126,SRC_000116
MENU0000000129,SRC_000117
MENU0000000130,SRC_000123
MENU0000000246,SRC_000123
MENU0000000128,SRC_000124
MENU0000000128,SRC_000125
MENU0000000214,SRC_000126
MENU0000000134,SRC_000128
MENU0000000135,SRC_000128
MENU0000000198,SRC_000128
MENU0000000131,SRC_000128
MENU0000000229,SRC_000128
MENU0000000140,SRC_000129
MENU0000000003,SRC_000129
MENU0000000004,SRC_000129
MENU0000000005,SRC_000129
MENU0000000137,SRC_000132
MENU0000000137,SRC_000133
MENU0000000139,SRC_000134
MENU0000000138,SRC_000137
MENU0000000136,SRC_000171
MENU0000000136,SRC_000138
MENU0000000277,SRC_000141
MENU0000000056,SRC_000142
MENU0000000085,SRC_000142
MENU0000000082,SRC_000142
MENU0000000076,SRC_000142
MENU0000000057,SRC_000142
MENU0000000058,SRC_000142
MENU0000000066,SRC_000142
MENU0000000274,SRC_000240
MENU0000000268,SRC_000147
MENU0000000259,SRC_000149
MENU0000000087,SRC_000150
MENU0000000084,SRC_000154
MENU0000000262,SRC_000155
MENU0000000260,SRC_000157
MENU0000000261,SRC_000160
MENU0000000261,SRC_000161
MENU0000000083,SRC_000162
MENU0000000241,SRC_000163
MENU0000000242,SRC_000163
MENU0000000057,SRC_000165
MENU0000000056,SRC_000165
MENU0000000085,SRC_000165
MENU0000000082,SRC_000165
MENU0000000076,SRC_000165
MENU0000000058,SRC_000165
MENU0000000066,SRC_000165
MENU0000000065,SRC_000165
MENU0000000179,SRC_000173
MENU0000000178,SRC_000173
MENU0000000149,SRC_000173
MENU0000000190,SRC_000171
MENU0000000165,SRC_000183
MENU0000000232,SRC_000183
MENU0000000166,SRC_000184
MENU0000000164,SRC_000185
MENU0000000165,SRC_000185
MENU0000000234,SRC_000186
MENU0000000271,SRC_000186
MENU0000000272,SRC_000186
MENU0000000237,SRC_000186
MENU0000000273,SRC_000186
MENU0000000274,SRC_000186
MENU0000000224,SRC_000187
MENU0000000183,SRC_000199
MENU0000000184,SRC_000200
MENU0000000185,SRC_000200
MENU0000000057,SRC_000201
MENU0000000056,SRC_000201
MENU0000000085,SRC_000201
MENU0000000082,SRC_000201
MENU0000000076,SRC_000201
MENU0000000058,SRC_000201
MENU0000000066,SRC_000201
MENU0000000183,SRC_000201
MENU0000000184,SRC_000201
MENU0000000254,SRC_000204
MENU0000000183,SRC_000205
MENU0000000184,SRC_000205
MENU0000000238,SRC_000205
MENU0000000161,SRC_000205
MENU0000000159,SRC_000205
MENU0000000057,SRC_000205
MENU0000000056,SRC_000205
MENU0000000085,SRC_000205
MENU0000000082,SRC_000205
MENU0000000076,SRC_000205
MENU0000000058,SRC_000205
MENU0000000066,SRC_000205
MENU0000000187,SRC_000206
MENU0000000159,SRC_000206
MENU0000000238,SRC_000207
MENU0000000189,SRC_000208
MENU0000000227,SRC_000208
MENU0000000130,SRC_000208
MENU0000000246,SRC_000208
MENU0000000167,SRC_000208
MENU0000000183,SRC_000188
MENU0000000184,SRC_000188
MENU0000000160,SRC_000189
MENU0000000161,SRC_000189
MENU0000000161,SRC_000190
MENU0000000160,SRC_000191
MENU0000000161,SRC_000191
MENU0000000161,SRC_000192
MENU0000000160,SRC_000192
MENU0000000161,SRC_000193
MENU0000000161,SRC_000194
MENU0000000161,SRC_000195
MENU0000000232,SRC_000164
MENU0000000230,SRC_000164
MENU0000000229,SRC_000164
MENU0000000156,SRC_000210
MENU0000000157,SRC_000210
MENU0000000158,SRC_000212
MENU0000000156,SRC_000213
MENU0000000157,SRC_000213
MENU0000000162,SRC_000217
MENU0000000163,SRC_000217
MENU0000000183,SRC_000200
MENU0000000163,SRC_000222
MENU0000000162,SRC_000222
MENU0000000245,SRC_000224
MENU0000000244,SRC_000224
MENU0000000276,SRC_000225
MENU0000000170,SRC_000228
MENU0000000171,SRC_000230
MENU0000000169,SRC_000232
MENU0000000186,SRC_000232
MENU0000000167,SRC_000232
MENU0000000172,SRC_000233
MENU0000000190,SRC_000235
MENU0000000221,SRC_000236
MENU0000000176,SRC_000236
MENU0000000177,SRC_000237
MENU0000000219,SRC_000237
MENU0000000218,SRC_000239
MENU0000000272,SRC_000240
MENU0000000263,SRC_000241
MENU0000000261,SRC_000241
MENU0000000237,SRC_000621
MENU0000000273,SRC_000621
MENU0000000274,SRC_000621
MENU0000000233,SRC_000622
MENU0000000055,SRC_000629
MENU0000000055,SRC_000630
MENU0000000132,SRC_000631
MENU0000000132,SRC_000632
MENU0000000134,SRC_000634
MENU0000000131,SRC_000634
MENU0000000131,SRC_000635
MENU0000000054,SRC_000636
MENU0000000053,SRC_000637
MENU0000000053,SRC_000638
MENU0000000073,SRC_000639
MENU0000000073,SRC_000640
MENU0000000074,SRC_000641
MENU0000000074,SRC_000642
MENU0000000049,SRC_000643
MENU0000000049,SRC_000644
MENU0000000048,SRC_000645
MENU0000000048,SRC_000646
MENU0000000204,SRC_000649
MENU0000000205,SRC_000649
MENU0000000222,SRC_000651
MENU0000000225,SRC_000651
MENU0000000226,SRC_000651
MENU0000000248,SRC_000651
MENU0000000223,SRC_000651
MENU0000000057,SRC_000652
MENU0000000056,SRC_000653
MENU0000000085,SRC_000653
MENU0000000082,SRC_000653
MENU0000000076,SRC_000653
MENU0000000058,SRC_000654
MENU0000000066,SRC_000660
MENU0000000126,SRC_000663
MENU0000000057,SRC_000664
MENU0000000056,SRC_000664
MENU0000000085,SRC_000664
MENU0000000082,SRC_000664
MENU0000000076,SRC_000664
MENU0000000058,SRC_000664
MENU0000000066,SRC_000664
MENU0000000065,SRC_000664
MENU0000000273,SRC_000667
MENU0000000057,SRC_000668
MENU0000000058,SRC_000668
MENU0000000066,SRC_000673
MENU0000000257,SRC_000676
MENU0000000264,SRC_000677
MENU0000000256,SRC_000677
MENU0000000250,SRC_000678
MENU0000000245,SRC_000678
MENU0000000077,SRC_000680
MENU0000000243,SRC_000683
MENU0000000244,SRC_000683
MENU0000000057,SRC_000684
MENU0000000056,SRC_000684
MENU0000000085,SRC_000684
MENU0000000082,SRC_000684
MENU0000000076,SRC_000684
MENU0000000058,SRC_000684
MENU0000000066,SRC_000684
MENU0000000086,SRC_000694
MENU0000000088,SRC_000695
MENU0000000228,SRC_000698
MENU0000000229,SRC_000698
MENU0000000231,SRC_000698
MENU0000000094,SRC_000699
MENU0000000252,SRC_000699
MENU0000000095,SRC_000699
MENU0000000094,SRC_000700
MENU0000000160,SRC_000700
MENU0000000161,SRC_000700
MENU0000000099,SRC_000701
MENU0000000095,SRC_000703
MENU0000000094,SRC_000704
MENU0000000160,SRC_000704
MENU0000000161,SRC_000704
MENU0000000098,SRC_000704
MENU0000000200,SRC_000704
MENU0000000094,SRC_000707
MENU0000000160,SRC_000707
MENU0000000161,SRC_000707
MENU0000000100,SRC_000708
MENU0000000252,SRC_000710
MENU0000000249,SRC_000714
MENU0000000097,SRC_000718
MENU0000000096,SRC_000719
MENU0000000266,SRC_000721
MENU0000000265,SRC_000721
MENU0000000117,SRC_000722
MENU0000000119,SRC_000722
MENU0000000120,SRC_000722
MENU0000000121,SRC_000722
MENU0000000118,SRC_000722
MENU0000000106,SRC_000725
MENU0000000200,SRC_000725
MENU0000000109,SRC_000725
MENU0000000110,SRC_000725
MENU0000000108,SRC_000725
MENU0000000267,SRC_000725
MENU0000000200,SRC_000730
MENU0000000106,SRC_000731
MENU0000000200,SRC_000731
MENU0000000109,SRC_000731
MENU0000000110,SRC_000731
MENU0000000108,SRC_000731
MENU0000000267,SRC_000731
MENU0000000156,SRC_000731
MENU0000000157,SRC_000731
MENU0000000200,SRC_000732
MENU0000000111,SRC_000732
MENU0000000112,SRC_000732
MENU0000000113,SRC_000732
MENU0000000209,SRC_000732
MENU0000000156,SRC_000732
MENU0000000157,SRC_000732
MENU0000000089,SRC_000733
MENU0000000092,SRC_000733
MENU0000000090,SRC_000733
MENU0000000091,SRC_000733
MENU0000000089,SRC_000734
MENU0000000092,SRC_000734
MENU0000000090,SRC_000734
MENU0000000091,SRC_000734
MENU0000000269,SRC_000734
MENU0000000162,SRC_000734
MENU0000000163,SRC_000734
MENU0000000106,SRC_000734
MENU0000000269,SRC_000735
MENU0000000089,SRC_000736
MENU0000000092,SRC_000736
MENU0000000090,SRC_000736
MENU0000000091,SRC_000736
MENU0000000269,SRC_000736
MENU0000000162,SRC_000736
MENU0000000163,SRC_000736
MENU0000000106,SRC_000736
MENU0000000255,SRC_000737
MENU0000000093,SRC_000738
MENU0000000253,SRC_000738
MENU0000000251,SRC_000739
MENU0000000057,SRC_000740
MENU0000000057,SRC_000741
MENU0000000056,SRC_000741
MENU0000000085,SRC_000741
MENU0000000082,SRC_000741
MENU0000000076,SRC_000741
MENU0000000058,SRC_000741
MENU0000000066,SRC_000741
MENU0000000065,SRC_000741
MENU0000000058,SRC_000742
MENU0000000247,SRC_000743
MENU0000000269,SRC_000743
MENU0000000065,SRC_000744
MENU0000000065,SRC_000745
MENU0000000065,SRC_000746
MENU0000000075,SRC_000746
MENU0000000066,SRC_000750
MENU0000000270,SRC_000751
MENU0000000068,SRC_000752
MENU0000000067,SRC_000753
MENU0000000071,SRC_000754
MENU0000000067,SRC_000755
MENU0000000114,SRC_000756
MENU0000000115,SRC_000757
MENU0000000116,SRC_000757
MENU0000000127,SRC_000758
MENU0000000127,SRC_000759
MENU0000000126,SRC_000760
MENU0000000129,SRC_000761
MENU0000000130,SRC_000767
MENU0000000246,SRC_000767
MENU0000000128,SRC_000768
MENU0000000128,SRC_000769
MENU0000000214,SRC_000770
MENU0000000056,SRC_000773
MENU0000000085,SRC_000773
MENU0000000082,SRC_000773
MENU0000000076,SRC_000773
MENU0000000228,SRC_000773
MENU0000000229,SRC_000773
MENU0000000231,SRC_000773
MENU0000000065,SRC_000773
MENU0000000075,SRC_000773
MENU0000000134,SRC_000773
MENU0000000135,SRC_000773
MENU0000000198,SRC_000773
MENU0000000131,SRC_000773
MENU0000000056,SRC_000774
MENU0000000085,SRC_000774
MENU0000000082,SRC_000774
MENU0000000076,SRC_000774
MENU0000000228,SRC_000774
MENU0000000229,SRC_000774
MENU0000000231,SRC_000774
MENU0000000065,SRC_000774
MENU0000000075,SRC_000774
MENU0000000134,SRC_000774
MENU0000000135,SRC_000774
MENU0000000198,SRC_000774
MENU0000000131,SRC_000774
MENU0000000140,SRC_000774
MENU0000000003,SRC_000774
MENU0000000004,SRC_000774
MENU0000000005,SRC_000774
MENU0000000137,SRC_000779
MENU0000000137,SRC_000780
MENU0000000139,SRC_000781
MENU0000000138,SRC_000785
MENU0000000136,SRC_000786
MENU0000000136,SRC_000787
MENU0000000277,SRC_000791
MENU0000000056,SRC_000792
MENU0000000085,SRC_000792
MENU0000000082,SRC_000792
MENU0000000076,SRC_000792
MENU0000000057,SRC_000792
MENU0000000058,SRC_000792
MENU0000000066,SRC_000792
MENU0000000274,SRC_000794
MENU0000000268,SRC_000797
MENU0000000259,SRC_000799
MENU0000000087,SRC_000800
MENU0000000084,SRC_000804
MENU0000000262,SRC_000805
MENU0000000260,SRC_000807
MENU0000000261,SRC_000810
MENU0000000261,SRC_000811
MENU0000000083,SRC_000812
MENU0000000241,SRC_000813
MENU0000000242,SRC_000813
MENU0000000233,SRC_000814
MENU0000000053,SRC_000814
MENU0000000049,SRC_000814
MENU0000000048,SRC_000814
MENU0000000057,SRC_000814
MENU0000000058,SRC_000814
MENU0000000066,SRC_000814
MENU0000000228,SRC_000814
MENU0000000229,SRC_000814
MENU0000000231,SRC_000814
MENU0000000094,SRC_000814
MENU0000000160,SRC_000814
MENU0000000161,SRC_000814
MENU0000000095,SRC_000814
MENU0000000117,SRC_000814
MENU0000000119,SRC_000814
MENU0000000120,SRC_000814
MENU0000000121,SRC_000814
MENU0000000118,SRC_000814
MENU0000000106,SRC_000814
MENU0000000200,SRC_000814
MENU0000000109,SRC_000814
MENU0000000110,SRC_000814
MENU0000000108,SRC_000814
MENU0000000267,SRC_000814
MENU0000000156,SRC_000814
MENU0000000157,SRC_000814
MENU0000000089,SRC_000814
MENU0000000092,SRC_000814
MENU0000000090,SRC_000814
MENU0000000091,SRC_000814
MENU0000000269,SRC_000814
MENU0000000162,SRC_000814
MENU0000000163,SRC_000814
MENU0000000056,SRC_000814
MENU0000000085,SRC_000814
MENU0000000082,SRC_000814
MENU0000000076,SRC_000814
MENU0000000065,SRC_000814
MENU0000000179,SRC_000814
MENU0000000178,SRC_000814
MENU0000000149,SRC_000814
MENU0000000232,SRC_000814
MENU0000000230,SRC_000814
MENU0000000222,SRC_000814
MENU0000000225,SRC_000814
MENU0000000226,SRC_000814
MENU0000000248,SRC_000814
MENU0000000223,SRC_000814
MENU0000000111,SRC_000814
MENU0000000112,SRC_000814
MENU0000000113,SRC_000814
MENU0000000209,SRC_000814
MENU0000000057,SRC_000815
MENU0000000056,SRC_000815
MENU0000000085,SRC_000815
MENU0000000082,SRC_000815
MENU0000000076,SRC_000815
MENU0000000058,SRC_000815
MENU0000000066,SRC_000815
MENU0000000065,SRC_000815
MENU0000000222,SRC_000816
MENU0000000225,SRC_000816
MENU0000000226,SRC_000816
MENU0000000248,SRC_000816
MENU0000000223,SRC_000816
MENU0000000094,SRC_000816
MENU0000000095,SRC_000816
MENU0000000111,SRC_000816
MENU0000000200,SRC_000816
MENU0000000112,SRC_000816
MENU0000000113,SRC_000816
MENU0000000209,SRC_000816
MENU0000000089,SRC_000816
MENU0000000092,SRC_000816
MENU0000000090,SRC_000816
MENU0000000091,SRC_000816
MENU0000000160,SRC_000817
MENU0000000161,SRC_000817
MENU0000000179,SRC_000820
MENU0000000178,SRC_000820
MENU0000000149,SRC_000820
MENU0000000131,SRC_000822
MENU0000000190,SRC_000822
MENU0000000179,SRC_000823
MENU0000000178,SRC_000823
MENU0000000149,SRC_000823
MENU0000000131,SRC_000823
MENU0000000190,SRC_000823
MENU0000000232,SRC_000830
MENU0000000230,SRC_000830
MENU0000000229,SRC_000830
MENU0000000165,SRC_000831
MENU0000000232,SRC_000831
MENU0000000190,SRC_000831
MENU0000000166,SRC_000832
MENU0000000164,SRC_000833
MENU0000000165,SRC_000833
MENU0000000234,SRC_000834
MENU0000000271,SRC_000834
MENU0000000272,SRC_000834
MENU0000000237,SRC_000834
MENU0000000273,SRC_000834
MENU0000000274,SRC_000834
MENU0000000224,SRC_000835
MENU0000000057,SRC_000836
MENU0000000056,SRC_000836
MENU0000000085,SRC_000836
MENU0000000082,SRC_000836
MENU0000000076,SRC_000836
MENU0000000058,SRC_000836
MENU0000000066,SRC_000836
MENU0000000183,SRC_000836
MENU0000000184,SRC_000836
MENU0000000094,SRC_000836
MENU0000000252,SRC_000836
MENU0000000160,SRC_000836
MENU0000000161,SRC_000836
MENU0000000185,SRC_000836
MENU0000000238,SRC_000836
MENU0000000159,SRC_000836
MENU0000000057,SRC_000837
MENU0000000056,SRC_000837
MENU0000000085,SRC_000837
MENU0000000082,SRC_000837
MENU0000000076,SRC_000837
MENU0000000058,SRC_000837
MENU0000000066,SRC_000837
MENU0000000183,SRC_000837
MENU0000000184,SRC_000837
MENU0000000185,SRC_000837
MENU0000000238,SRC_000837
MENU0000000161,SRC_000837
MENU0000000159,SRC_000837
MENU0000000057,SRC_000838
MENU0000000056,SRC_000838
MENU0000000085,SRC_000838
MENU0000000082,SRC_000838
MENU0000000076,SRC_000838
MENU0000000058,SRC_000838
MENU0000000066,SRC_000838
MENU0000000183,SRC_000838
MENU0000000184,SRC_000838
MENU0000000185,SRC_000838
MENU0000000254,SRC_000841
MENU0000000057,SRC_000842
MENU0000000056,SRC_000842
MENU0000000085,SRC_000842
MENU0000000082,SRC_000842
MENU0000000076,SRC_000842
MENU0000000058,SRC_000842
MENU0000000066,SRC_000842
MENU0000000183,SRC_000842
MENU0000000184,SRC_000842
MENU0000000185,SRC_000842
MENU0000000238,SRC_000842
MENU0000000161,SRC_000842
MENU0000000159,SRC_000842
MENU0000000161,SRC_000843
MENU0000000057,SRC_000843
MENU0000000056,SRC_000843
MENU0000000085,SRC_000843
MENU0000000082,SRC_000843
MENU0000000076,SRC_000843
MENU0000000058,SRC_000843
MENU0000000066,SRC_000843
MENU0000000184,SRC_000843
MENU0000000185,SRC_000843
MENU0000000183,SRC_000843
MENU0000000238,SRC_000843
MENU0000000159,SRC_000843
MENU0000000187,SRC_000843
MENU0000000238,SRC_000844
MENU0000000189,SRC_000845
MENU0000000227,SRC_000845
MENU0000000130,SRC_000845
MENU0000000246,SRC_000845
MENU0000000167,SRC_000845
MENU0000000057,SRC_000847
MENU0000000056,SRC_000847
MENU0000000085,SRC_000847
MENU0000000082,SRC_000847
MENU0000000076,SRC_000847
MENU0000000058,SRC_000847
MENU0000000066,SRC_000847
MENU0000000183,SRC_000847
MENU0000000184,SRC_000847
MENU0000000185,SRC_000847
MENU0000000094,SRC_000848
MENU0000000160,SRC_000848
MENU0000000161,SRC_000848
MENU0000000252,SRC_000848
MENU0000000094,SRC_000849
MENU0000000252,SRC_000849
MENU0000000160,SRC_000849
MENU0000000161,SRC_000849
MENU0000000094,SRC_000850
MENU0000000160,SRC_000850
MENU0000000161,SRC_000850
MENU0000000252,SRC_000850
MENU0000000161,SRC_000851
MENU0000000160,SRC_000851
MENU0000000094,SRC_000852
MENU0000000252,SRC_000852
MENU0000000160,SRC_000852
MENU0000000161,SRC_000852
MENU0000000161,SRC_000853
MENU0000000160,SRC_000854
MENU0000000161,SRC_000854
MENU0000000094,SRC_000855
MENU0000000160,SRC_000855
MENU0000000161,SRC_000855
MENU0000000232,SRC_000856
MENU0000000230,SRC_000856
MENU0000000229,SRC_000856
MENU0000000156,SRC_000858
MENU0000000157,SRC_000858
MENU0000000106,SRC_000859
MENU0000000200,SRC_000859
MENU0000000109,SRC_000859
MENU0000000110,SRC_000859
MENU0000000108,SRC_000859
MENU0000000267,SRC_000859
MENU0000000156,SRC_000859
MENU0000000157,SRC_000859
MENU0000000158,SRC_000860
MENU0000000200,SRC_000861
MENU0000000111,SRC_000861
MENU0000000112,SRC_000861
MENU0000000113,SRC_000861
MENU0000000209,SRC_000861
MENU0000000156,SRC_000861
MENU0000000157,SRC_000861
MENU0000000089,SRC_000864
MENU0000000092,SRC_000864
MENU0000000090,SRC_000864
MENU0000000091,SRC_000864
MENU0000000162,SRC_000864
MENU0000000163,SRC_000864
MENU0000000106,SRC_000864
MENU0000000162,SRC_000865
MENU0000000163,SRC_000865
MENU0000000057,SRC_000866
MENU0000000056,SRC_000866
MENU0000000085,SRC_000866
MENU0000000082,SRC_000866
MENU0000000076,SRC_000866
MENU0000000058,SRC_000866
MENU0000000066,SRC_000866
MENU0000000184,SRC_000866
MENU0000000185,SRC_000866
MENU0000000183,SRC_000866
MENU0000000204,SRC_000867
MENU0000000205,SRC_000867
MENU0000000205,SRC_000868
MENU0000000204,SRC_000868
MENU0000000163,SRC_000870
MENU0000000162,SRC_000870
MENU0000000273,SRC_000871
MENU0000000271,SRC_000871
MENU0000000245,SRC_000872
MENU0000000244,SRC_000872
MENU0000000276,SRC_000873
MENU0000000170,SRC_000874
MENU0000000171,SRC_000874
MENU0000000170,SRC_000875
MENU0000000171,SRC_000876
MENU0000000169,SRC_000877
MENU0000000186,SRC_000877
MENU0000000167,SRC_000877
MENU0000000172,SRC_000878
MENU0000000190,SRC_000880
MENU0000000221,SRC_000881
MENU0000000176,SRC_000881
MENU0000000177,SRC_000882
MENU0000000219,SRC_000882
MENU0000000218,SRC_000884
MENU0000000274,SRC_000885
MENU0000000272,SRC_000885
MENU0000000261,SRC_000886
MENU0000000263,SRC_000886
MENU0000000237,SRC_001210
MENU0000000273,SRC_001210
MENU0000000274,SRC_001210
MENU0000000233,SRC_001195
MENU0000000055,SRC_001201
MENU0000000132,SRC_001203
MENU0000000132,SRC_001202
MENU0000000134,SRC_001205
MENU0000000134,SRC_001442
MENU0000000131,SRC_001205
MENU0000000131,SRC_001442
MENU0000000131,SRC_001206
MENU0000000054,SRC_001207
MENU0000000053,SRC_001208
MENU0000000053,SRC_001209
MENU0000000073,SRC_001211
MENU0000000073,SRC_001212
MENU0000000074,SRC_001213
MENU0000000074,SRC_001214
MENU0000000049,SRC_001215
MENU0000000049,SRC_001216
MENU0000000048,SRC_001218
MENU0000000048,SRC_001219
MENU0000000204,SRC_001223
MENU0000000205,SRC_001223
MENU0000000222,SRC_001217
MENU0000000225,SRC_001217
MENU0000000226,SRC_001217
MENU0000000248,SRC_001217
MENU0000000223,SRC_001217
MENU0000000057,SRC_001225
MENU0000000056,SRC_001226
MENU0000000085,SRC_001226
MENU0000000082,SRC_001226
MENU0000000076,SRC_001226
MENU0000000058,SRC_001279
MENU0000000066,SRC_001233
MENU0000000126,SRC_001235
MENU0000000057,SRC_001236
MENU0000000056,SRC_001236
MENU0000000085,SRC_001236
MENU0000000082,SRC_001236
MENU0000000076,SRC_001236
MENU0000000058,SRC_001236
MENU0000000066,SRC_001236
MENU0000000065,SRC_001236
MENU0000000273,SRC_001261
MENU0000000057,SRC_001262
MENU0000000058,SRC_001262
MENU0000000066,SRC_001269
MENU0000000257,SRC_001298
MENU0000000264,SRC_001272
MENU0000000256,SRC_001272
MENU0000000250,SRC_001273
MENU0000000245,SRC_001273
MENU0000000077,SRC_001275
MENU0000000243,SRC_001278
MENU0000000244,SRC_001278
MENU0000000057,SRC_001282
MENU0000000056,SRC_001282
MENU0000000085,SRC_001282
MENU0000000082,SRC_001282
MENU0000000076,SRC_001282
MENU0000000058,SRC_001282
MENU0000000066,SRC_001282
MENU0000000086,SRC_001293
MENU0000000088,SRC_001294
MENU0000000228,SRC_001220
MENU0000000229,SRC_001220
MENU0000000231,SRC_001220
MENU0000000094,SRC_001299
MENU0000000252,SRC_001299
MENU0000000095,SRC_001299
MENU0000000094,SRC_001300
MENU0000000160,SRC_001300
MENU0000000161,SRC_001300
MENU0000000099,SRC_001301
MENU0000000095,SRC_001303
MENU0000000094,SRC_001305
MENU0000000160,SRC_001305
MENU0000000161,SRC_001305
MENU0000000098,SRC_001305
MENU0000000200,SRC_001305
MENU0000000094,SRC_001307
MENU0000000160,SRC_001307
MENU0000000161,SRC_001307
MENU0000000100,SRC_001308
MENU0000000252,SRC_001310
MENU0000000252,SRC_001516
MENU0000000249,SRC_001314
MENU0000000097,SRC_001318
MENU0000000096,SRC_001319
MENU0000000266,SRC_001342
MENU0000000265,SRC_001342
MENU0000000117,SRC_001344
MENU0000000119,SRC_001344
MENU0000000120,SRC_001344
MENU0000000121,SRC_001344
MENU0000000118,SRC_001344
MENU0000000106,SRC_001347
MENU0000000200,SRC_001347
MENU0000000109,SRC_001347
MENU0000000110,SRC_001347
MENU0000000108,SRC_001347
MENU0000000267,SRC_001347
MENU0000000200,SRC_001348
MENU0000000106,SRC_001349
MENU0000000200,SRC_001349
MENU0000000109,SRC_001349
MENU0000000110,SRC_001349
MENU0000000108,SRC_001349
MENU0000000267,SRC_001349
MENU0000000156,SRC_001349
MENU0000000157,SRC_001349
MENU0000000200,SRC_001351
MENU0000000111,SRC_001351
MENU0000000112,SRC_001351
MENU0000000113,SRC_001351
MENU0000000209,SRC_001351
MENU0000000156,SRC_001351
MENU0000000157,SRC_001351
MENU0000000089,SRC_001355
MENU0000000092,SRC_001355
MENU0000000090,SRC_001355
MENU0000000091,SRC_001355
MENU0000000089,SRC_001356
MENU0000000089,SRC_001242
MENU0000000092,SRC_001356
MENU0000000092,SRC_001242
MENU0000000090,SRC_001356
MENU0000000090,SRC_001242
MENU0000000091,SRC_001356
MENU0000000091,SRC_001242
MENU0000000269,SRC_001356
MENU0000000269,SRC_001242
MENU0000000162,SRC_001356
MENU0000000162,SRC_001242
MENU0000000163,SRC_001356
MENU0000000163,SRC_001242
MENU0000000106,SRC_001356
MENU0000000106,SRC_001242
MENU0000000269,SRC_001357
MENU0000000089,SRC_001358
MENU0000000092,SRC_001358
MENU0000000090,SRC_001358
MENU0000000091,SRC_001358
MENU0000000269,SRC_001358
MENU0000000162,SRC_001358
MENU0000000163,SRC_001358
MENU0000000106,SRC_001358
MENU0000000255,SRC_001359
MENU0000000093,SRC_001360
MENU0000000253,SRC_001360
MENU0000000251,SRC_001361
MENU0000000057,SRC_001362
MENU0000000057,SRC_001363
MENU0000000056,SRC_001363
MENU0000000085,SRC_001363
MENU0000000082,SRC_001363
MENU0000000076,SRC_001363
MENU0000000058,SRC_001363
MENU0000000066,SRC_001363
MENU0000000065,SRC_001363
MENU0000000058,SRC_001364
MENU0000000247,SRC_001365
MENU0000000269,SRC_001365
MENU0000000065,SRC_001366
MENU0000000065,SRC_001367
MENU0000000065,SRC_001368
MENU0000000075,SRC_001368
MENU0000000066,SRC_001372
MENU0000000270,SRC_001373
MENU0000000068,SRC_001374
MENU0000000067,SRC_001375
MENU0000000071,SRC_001376
MENU0000000067,SRC_001377
MENU0000000114,SRC_001378
MENU0000000115,SRC_001379
MENU0000000116,SRC_001379
MENU0000000127,SRC_001380
MENU0000000127,SRC_001381
MENU0000000126,SRC_001382
MENU0000000129,SRC_001383
MENU0000000130,SRC_001389
MENU0000000246,SRC_001389
MENU0000000128,SRC_001390
MENU0000000128,SRC_001391
MENU0000000214,SRC_001392
MENU0000000056,SRC_001395
MENU0000000085,SRC_001395
MENU0000000082,SRC_001395
MENU0000000076,SRC_001395
MENU0000000228,SRC_001395
MENU0000000229,SRC_001395
MENU0000000231,SRC_001395
MENU0000000065,SRC_001395
MENU0000000075,SRC_001395
MENU0000000134,SRC_001395
MENU0000000135,SRC_001395
MENU0000000198,SRC_001395
MENU0000000131,SRC_001395
MENU0000000056,SRC_001396
MENU0000000085,SRC_001396
MENU0000000082,SRC_001396
MENU0000000076,SRC_001396
MENU0000000228,SRC_001396
MENU0000000229,SRC_001396
MENU0000000231,SRC_001396
MENU0000000065,SRC_001396
MENU0000000075,SRC_001396
MENU0000000134,SRC_001396
MENU0000000135,SRC_001396
MENU0000000198,SRC_001396
MENU0000000131,SRC_001396
MENU0000000140,SRC_001396
MENU0000000003,SRC_001396
MENU0000000004,SRC_001396
MENU0000000005,SRC_001396
MENU0000000137,SRC_001401
MENU0000000137,SRC_001402
MENU0000000139,SRC_001403
MENU0000000138,SRC_001407
MENU0000000136,SRC_001408
MENU0000000136,SRC_001409
MENU0000000277,SRC_001413
MENU0000000056,SRC_001414
MENU0000000085,SRC_001414
MENU0000000082,SRC_001414
MENU0000000076,SRC_001414
MENU0000000057,SRC_001414
MENU0000000058,SRC_001414
MENU0000000066,SRC_001414
MENU0000000274,SRC_001416
MENU0000000268,SRC_001421
MENU0000000259,SRC_001423
MENU0000000087,SRC_001424
MENU0000000084,SRC_001428
MENU0000000262,SRC_001429
MENU0000000260,SRC_001497
MENU0000000261,SRC_001434
MENU0000000261,SRC_001435
MENU0000000083,SRC_001436
MENU0000000241,SRC_001437
MENU0000000242,SRC_001437
MENU0000000233,SRC_001438
MENU0000000053,SRC_001438
MENU0000000049,SRC_001438
MENU0000000048,SRC_001438
MENU0000000057,SRC_001438
MENU0000000058,SRC_001438
MENU0000000066,SRC_001438
MENU0000000228,SRC_001438
MENU0000000229,SRC_001438
MENU0000000231,SRC_001438
MENU0000000094,SRC_001438
MENU0000000160,SRC_001438
MENU0000000161,SRC_001438
MENU0000000095,SRC_001438
MENU0000000117,SRC_001438
MENU0000000119,SRC_001438
MENU0000000120,SRC_001438
MENU0000000121,SRC_001438
MENU0000000118,SRC_001438
MENU0000000106,SRC_001438
MENU0000000200,SRC_001438
MENU0000000109,SRC_001438
MENU0000000110,SRC_001438
MENU0000000108,SRC_001438
MENU0000000267,SRC_001438
MENU0000000156,SRC_001438
MENU0000000157,SRC_001438
MENU0000000089,SRC_001438
MENU0000000092,SRC_001438
MENU0000000090,SRC_001438
MENU0000000091,SRC_001438
MENU0000000269,SRC_001438
MENU0000000162,SRC_001438
MENU0000000163,SRC_001438
MENU0000000056,SRC_001438
MENU0000000085,SRC_001438
MENU0000000082,SRC_001438
MENU0000000076,SRC_001438
MENU0000000065,SRC_001438
MENU0000000179,SRC_001438
MENU0000000178,SRC_001438
MENU0000000149,SRC_001438
MENU0000000232,SRC_001438
MENU0000000230,SRC_001438
MENU0000000222,SRC_001438
MENU0000000225,SRC_001438
MENU0000000226,SRC_001438
MENU0000000248,SRC_001438
MENU0000000223,SRC_001438
MENU0000000111,SRC_001438
MENU0000000112,SRC_001438
MENU0000000113,SRC_001438
MENU0000000209,SRC_001438
MENU0000000057,SRC_001439
MENU0000000056,SRC_001439
MENU0000000085,SRC_001439
MENU0000000082,SRC_001439
MENU0000000076,SRC_001439
MENU0000000058,SRC_001439
MENU0000000066,SRC_001439
MENU0000000065,SRC_001439
MENU0000000222,SRC_001302
MENU0000000222,SRC_001448
MENU0000000225,SRC_001302
MENU0000000225,SRC_001448
MENU0000000226,SRC_001302
MENU0000000226,SRC_001448
MENU0000000248,SRC_001302
MENU0000000248,SRC_001448
MENU0000000223,SRC_001302
MENU0000000223,SRC_001448
MENU0000000094,SRC_001302
MENU0000000094,SRC_001448
MENU0000000095,SRC_001302
MENU0000000095,SRC_001448
MENU0000000111,SRC_001302
MENU0000000111,SRC_001448
MENU0000000200,SRC_001302
MENU0000000200,SRC_001448
MENU0000000112,SRC_001302
MENU0000000112,SRC_001448
MENU0000000113,SRC_001302
MENU0000000113,SRC_001448
MENU0000000209,SRC_001302
MENU0000000209,SRC_001448
MENU0000000089,SRC_001302
MENU0000000089,SRC_001448
MENU0000000092,SRC_001302
MENU0000000092,SRC_001448
MENU0000000090,SRC_001302
MENU0000000090,SRC_001448
MENU0000000091,SRC_001302
MENU0000000091,SRC_001448
MENU0000000179,SRC_001440
MENU0000000178,SRC_001440
MENU0000000149,SRC_001440
MENU0000000179,SRC_001442
MENU0000000178,SRC_001442
MENU0000000149,SRC_001442
MENU0000000190,SRC_001442
MENU0000000165,SRC_001449
MENU0000000232,SRC_001449
MENU0000000190,SRC_001449
MENU0000000166,SRC_001450
MENU0000000164,SRC_001451
MENU0000000165,SRC_001451
MENU0000000234,SRC_001457
MENU0000000271,SRC_001457
MENU0000000272,SRC_001457
MENU0000000237,SRC_001457
MENU0000000273,SRC_001457
MENU0000000274,SRC_001457
MENU0000000224,SRC_001454
MENU0000000057,SRC_001452
MENU0000000056,SRC_001452
MENU0000000085,SRC_001452
MENU0000000082,SRC_001452
MENU0000000076,SRC_001452
MENU0000000058,SRC_001452
MENU0000000066,SRC_001452
MENU0000000183,SRC_001452
MENU0000000184,SRC_001452
MENU0000000094,SRC_001452
MENU0000000252,SRC_001452
MENU0000000160,SRC_001452
MENU0000000161,SRC_001452
MENU0000000185,SRC_001452
MENU0000000238,SRC_001452
MENU0000000159,SRC_001452
MENU0000000057,SRC_001455
MENU0000000057,SRC_001464
MENU0000000056,SRC_001455
MENU0000000056,SRC_001464
MENU0000000085,SRC_001455
MENU0000000085,SRC_001464
MENU0000000082,SRC_001455
MENU0000000082,SRC_001464
MENU0000000076,SRC_001455
MENU0000000076,SRC_001464
MENU0000000058,SRC_001455
MENU0000000058,SRC_001464
MENU0000000066,SRC_001455
MENU0000000066,SRC_001464
MENU0000000183,SRC_001455
MENU0000000183,SRC_001464
MENU0000000184,SRC_001455
MENU0000000184,SRC_001464
MENU0000000185,SRC_001455
MENU0000000185,SRC_001464
MENU0000000238,SRC_001455
MENU0000000238,SRC_001464
MENU0000000161,SRC_001455
MENU0000000161,SRC_001464
MENU0000000159,SRC_001455
MENU0000000159,SRC_001464
MENU0000000057,SRC_001458
MENU0000000056,SRC_001458
MENU0000000085,SRC_001458
MENU0000000082,SRC_001458
MENU0000000076,SRC_001458
MENU0000000058,SRC_001458
MENU0000000066,SRC_001458
MENU0000000183,SRC_001458
MENU0000000184,SRC_001458
MENU0000000185,SRC_001458
MENU0000000254,SRC_001462
MENU0000000057,SRC_001472
MENU0000000057,SRC_001465
MENU0000000057,SRC_001463
MENU0000000056,SRC_001472
MENU0000000056,SRC_001465
MENU0000000056,SRC_001463
MENU0000000085,SRC_001472
MENU0000000085,SRC_001465
MENU0000000085,SRC_001463
MENU0000000082,SRC_001472
MENU0000000082,SRC_001465
MENU0000000082,SRC_001463
MENU0000000076,SRC_001472
MENU0000000076,SRC_001465
MENU0000000076,SRC_001463
MENU0000000058,SRC_001472
MENU0000000058,SRC_001465
MENU0000000058,SRC_001463
MENU0000000066,SRC_001472
MENU0000000066,SRC_001465
MENU0000000066,SRC_001463
MENU0000000183,SRC_001472
MENU0000000183,SRC_001465
MENU0000000183,SRC_001463
MENU0000000184,SRC_001472
MENU0000000184,SRC_001465
MENU0000000184,SRC_001463
MENU0000000185,SRC_001472
MENU0000000185,SRC_001465
MENU0000000185,SRC_001463
MENU0000000238,SRC_001472
MENU0000000238,SRC_001465
MENU0000000238,SRC_001463
MENU0000000161,SRC_001472
MENU0000000161,SRC_001465
MENU0000000161,SRC_001463
MENU0000000159,SRC_001472
MENU0000000159,SRC_001465
MENU0000000159,SRC_001463
MENU0000000161,SRC_001468
MENU0000000161,SRC_001470
MENU0000000161,SRC_001467
MENU0000000161,SRC_001469
MENU0000000161,SRC_001466
MENU0000000057,SRC_001468
MENU0000000057,SRC_001470
MENU0000000057,SRC_001467
MENU0000000057,SRC_001469
MENU0000000057,SRC_001466
MENU0000000056,SRC_001468
MENU0000000056,SRC_001470
MENU0000000056,SRC_001467
MENU0000000056,SRC_001469
MENU0000000056,SRC_001466
MENU0000000085,SRC_001468
MENU0000000085,SRC_001470
MENU0000000085,SRC_001467
MENU0000000085,SRC_001469
MENU0000000085,SRC_001466
MENU0000000082,SRC_001468
MENU0000000082,SRC_001470
MENU0000000082,SRC_001467
MENU0000000082,SRC_001469
MENU0000000082,SRC_001466
MENU0000000076,SRC_001468
MENU0000000076,SRC_001470
MENU0000000076,SRC_001467
MENU0000000076,SRC_001469
MENU0000000076,SRC_001466
MENU0000000058,SRC_001468
MENU0000000058,SRC_001470
MENU0000000058,SRC_001467
MENU0000000058,SRC_001469
MENU0000000058,SRC_001466
MENU0000000066,SRC_001468
MENU0000000066,SRC_001470
MENU0000000066,SRC_001467
MENU0000000066,SRC_001469
MENU0000000066,SRC_001466
MENU0000000184,SRC_001468
MENU0000000184,SRC_001470
MENU0000000184,SRC_001467
MENU0000000184,SRC_001469
MENU0000000184,SRC_001466
MENU0000000185,SRC_001468
MENU0000000185,SRC_001470
MENU0000000185,SRC_001467
MENU0000000185,SRC_001469
MENU0000000185,SRC_001466
MENU0000000183,SRC_001468
MENU0000000183,SRC_001470
MENU0000000183,SRC_001467
MENU0000000183,SRC_001469
MENU0000000183,SRC_001466
MENU0000000238,SRC_001468
MENU0000000238,SRC_001470
MENU0000000238,SRC_001467
MENU0000000238,SRC_001469
MENU0000000238,SRC_001466
MENU0000000159,SRC_001468
MENU0000000159,SRC_001470
MENU0000000159,SRC_001467
MENU0000000159,SRC_001469
MENU0000000159,SRC_001466
MENU0000000187,SRC_001468
MENU0000000187,SRC_001470
MENU0000000187,SRC_001467
MENU0000000187,SRC_001469
MENU0000000187,SRC_001466
MENU0000000238,SRC_001471
MENU0000000189,SRC_001473
MENU0000000227,SRC_001473
MENU0000000130,SRC_001473
MENU0000000246,SRC_001473
MENU0000000167,SRC_001473
MENU0000000057,SRC_001475
MENU0000000056,SRC_001475
MENU0000000085,SRC_001475
MENU0000000082,SRC_001475
MENU0000000076,SRC_001475
MENU0000000058,SRC_001475
MENU0000000066,SRC_001475
MENU0000000183,SRC_001475
MENU0000000184,SRC_001475
MENU0000000185,SRC_001475
MENU0000000094,SRC_001478
MENU0000000160,SRC_001478
MENU0000000161,SRC_001478
MENU0000000252,SRC_001478
MENU0000000094,SRC_001479
MENU0000000252,SRC_001479
MENU0000000160,SRC_001479
MENU0000000161,SRC_001479
MENU0000000094,SRC_001480
MENU0000000160,SRC_001480
MENU0000000161,SRC_001480
MENU0000000252,SRC_001480
MENU0000000161,SRC_001481
MENU0000000160,SRC_001481
MENU0000000094,SRC_001483
MENU0000000252,SRC_001483
MENU0000000160,SRC_001483
MENU0000000161,SRC_001483
MENU0000000161,SRC_001484
MENU0000000160,SRC_001486
MENU0000000161,SRC_001486
MENU0000000094,SRC_001485
MENU0000000160,SRC_001485
MENU0000000161,SRC_001485
MENU0000000232,SRC_001460
MENU0000000230,SRC_001460
MENU0000000229,SRC_001460
MENU0000000156,SRC_001488
MENU0000000157,SRC_001488
MENU0000000106,SRC_001489
MENU0000000200,SRC_001489
MENU0000000109,SRC_001489
MENU0000000110,SRC_001489
MENU0000000108,SRC_001489
MENU0000000267,SRC_001489
MENU0000000156,SRC_001489
MENU0000000157,SRC_001489
MENU0000000158,SRC_001490
MENU0000000200,SRC_001491
MENU0000000111,SRC_001491
MENU0000000112,SRC_001491
MENU0000000113,SRC_001491
MENU0000000209,SRC_001491
MENU0000000156,SRC_001491
MENU0000000157,SRC_001491
MENU0000000089,SRC_001494
MENU0000000092,SRC_001494
MENU0000000090,SRC_001494
MENU0000000091,SRC_001494
MENU0000000162,SRC_001494
MENU0000000163,SRC_001494
MENU0000000106,SRC_001494
MENU0000000162,SRC_001495
MENU0000000163,SRC_001495
MENU0000000057,SRC_001498
MENU0000000056,SRC_001498
MENU0000000085,SRC_001498
MENU0000000082,SRC_001498
MENU0000000076,SRC_001498
MENU0000000058,SRC_001498
MENU0000000066,SRC_001498
MENU0000000184,SRC_001498
MENU0000000185,SRC_001498
MENU0000000183,SRC_001498
MENU0000000204,SRC_001499
MENU0000000205,SRC_001499
MENU0000000205,SRC_001500
MENU0000000204,SRC_001500
MENU0000000163,SRC_001502
MENU0000000162,SRC_001502
MENU0000000273,SRC_001503
MENU0000000271,SRC_001503
MENU0000000245,SRC_001504
MENU0000000244,SRC_001504
MENU0000000276,SRC_001505
MENU0000000170,SRC_001506
MENU0000000171,SRC_001506
MENU0000000170,SRC_001507
MENU0000000171,SRC_001508
MENU0000000169,SRC_001509
MENU0000000186,SRC_001509
MENU0000000167,SRC_001509
MENU0000000172,SRC_001510
MENU0000000190,SRC_001512
MENU0000000221,SRC_001513
MENU0000000176,SRC_001513
MENU0000000177,SRC_001514
MENU0000000219,SRC_001514
MENU0000000218,SRC_001516
MENU0000000274,SRC_001496
MENU0000000272,SRC_001496
MENU0000000261,SRC_001497
MENU0000000263,SRC_001497
